Country code,Vehicle,Year,Scenario,Total Fleet,electricity proportion,gasoline proportion,diesel proportion,hydrogen proportion,CNG proportion,LNG proportion,LPG proportion
AT,bus,2030,GA,10136,0.401010215,0.00026561,0.459831623,0.1,0.038892552,0,0
BE,bus,2030,GA,16606,0.182361231,0.002497915,0.701959691,0.0625,0.050681162,0,0
BG,bus,2030,GA,17352,0.12162043,0.000129138,0.623762962,0.1425,0.111987469,0,0
HR,bus,2030,GA,5136,0.02543847,0.000577356,0.95504849,0,0.018935684,0,0
CY,bus,2030,GA,2774,0.1065,0.001808631,0.724191369,0.1425,0.025,0,0
CZ,bus,2030,GA,20489,0.119403978,0.005169547,0.640407122,0.0625,0.172519354,0,0
DK,bus,2030,GA,8684,0.107392225,0.000382356,0.747501053,0.0625,0.082224367,0,0
EE,bus,2030,GA,5327,0.212327548,0.003532583,0.523363343,0.1,0.155776526,0.005,0
FI,bus,2030,GA,10476,0.063432327,0.000425178,0.573591691,0.115740741,0.246810063,0,0
FR,bus,2030,GA,94523,0.242053929,0.000500617,0.541974565,0,0.215470889,0,0
DE,bus,2030,GA,80225,0.176969173,0.000264335,0.634203851,0.15,0.03856264,0,0
GR,bus,2030,GA,28034,0.031889104,0.00022087,0.768069744,0.143518519,0.056301764,0,0
HU,bus,2030,GA,17723,0.11699764,0.000885626,0.699152248,0.1425,0.040464486,0,0
IE,bus,2030,GA,6758,0.281442543,0.000387825,0.643169632,0.025,0,0.05,0
IT,bus,2030,GA,100199,0.082205784,0.000430315,0.629856438,0.075,0.097507463,0.115,0
LV,bus,2030,GA,3742,0.157040802,0.001697407,0.672713421,0.1425,0.026048371,0,0
LT,bus,2030,GA,8069,0.176022366,0.002331938,0.551623157,0.1425,0.127522539,0,0
LU,bus,2030,GA,2217,0.489079849,0.000297725,0.495622426,0.015,0,0,0
MT,bus,2030,GA,2306,0.052129519,0.00099875,0.946871731,0,0,0,0
NL,bus,2030,GA,9316,0.431370472,0.017685415,0.307073693,0.11935,0.124151471,0.000368949,0
NO,bus,2030,GA,15558,0.102914326,0.000100171,0.754010225,0.0625,0.080475279,0,0
PL,bus,2030,GA,126547,0.102914326,0.000100171,0.754010225,0.0625,0.080475279,0,0
PT,bus,2030,GA,17300,0.151750401,0.000349485,0.683613339,0.0625,0.101786775,0,0
RO,bus,2030,GA,54351,0.107685115,0.00055384,0.724261045,0.1425,0.025,0,0
SK,bus,2030,GA,8282,0.125288879,0.000261789,0.746949332,0.0625,0.065,0,0
SI,bus,2030,GA,2502,0.107539646,0.000345641,0.67928365,0.1425,0.070331063,0,0
ES,bus,2030,GA,60998,0.10340083,0.001280382,0.607851873,0,0.287466915,0,0
SE,bus,2030,GA,13594,0.05584101,0.000721699,0.590349722,0.2,0.15308757,0,0
CH,bus,2030,GA,9224,0.12162043,0.000129138,0.623762962,0.1425,0.111987469,0,0
UK,bus,2030,GA,81652,0.182361231,0.002497915,0.701959691,0.0625,0.050681162,0,0
AT,bus,2040,GA,10136,0.8,0,0,0.2,0,0,0
BE,bus,2040,GA,16606,0.355,0.002,0.468,0.125,0.05,0,0
BG,bus,2040,GA,17352,0.213,0,0.452,0.285,0.05,0,0
HR,bus,2040,GA,5136,0.05,0,0.94,0,0.01,0,0
CY,bus,2040,GA,2774,0.213,0,0.452,0.285,0.05,0,0
CZ,bus,2040,GA,20489,0.213,0,0.532,0.125,0.13,0,0
DK,bus,2040,GA,8684,0.213,0,0.532,0.125,0.13,0,0
EE,bus,2040,GA,5327,0.39,0,0.25,0.2,0.15,0.01,0
FI,bus,2040,GA,10476,0.114814815,0,0.203703704,0.231481481,0.45,0,0
FR,bus,2040,GA,94523,0.48,0,0.22,0,0.3,0,0
DE,bus,2040,GA,80225,0.35,0,0.3,0.3,0.05,0,0
GR,bus,2040,GA,28034,0.060962963,0,0.602,0.287037037,0.05,0,0
HU,bus,2040,GA,17723,0.213,0,0.452,0.285,0.05,0,0
IE,bus,2040,GA,6758,0.55,0,0.3,0.05,0,0.1,0
IT,bus,2040,GA,100199,0.16,0,0.39,0.15,0.07,0.23,0
LV,bus,2040,GA,3742,0.213,0,0.452,0.285,0.05,0,0
LT,bus,2040,GA,8069,0.213,0,0.452,0.285,0.05,0,0
LU,bus,2040,GA,2217,0.95,0,0.02,0.03,0,0,0
MT,bus,2040,GA,2306,0.103,0,0.897,0,0,0,0
NL,bus,2040,GA,9316,0.728,0.0333,0,0.2387,0,0,0
NO,bus,2040,GA,15558,0.2,0,0.535,0.125,0.14,0,0
PL,bus,2040,GA,126547,0.2,0,0.535,0.125,0.14,0,0
PT,bus,2040,GA,17300,0.3,0,0.475,0.125,0.1,0,0
RO,bus,2040,GA,54351,0.213,0,0.452,0.285,0.05,0,0
SK,bus,2040,GA,8282,0.213,0,0.532,0.125,0.13,0,0
SI,bus,2040,GA,2502,0.213,0,0.452,0.285,0.05,0,0
ES,bus,2040,GA,60998,0.2,0,0.45,0,0.35,0,0
SE,bus,2040,GA,13594,0.098,0,0.452,0.4,0.05,0,0
CH,bus,2040,GA,9224,0.213,0,0.452,0.285,0.05,0,0
UK,bus,2040,GA,81652,0.355,0.002,0.468,0.125,0.05,0,0
AT,bus,2050,GA,10136,0.8,0,0,0.2,0,0,0
BE,bus,2050,GA,16606,0.7,0,0,0.25,0.05,0,0
BG,bus,2050,GA,17352,0.4,0,0.14,0.4,0.06,0,0
HR,bus,2050,GA,5136,0.69,0,0.27,0,0.04,0,0
CY,bus,2050,GA,2774,0.4,0,0.14,0.4,0.06,0,0
CZ,bus,2050,GA,20489,0.4,0,0.22,0.23,0.15,0,0
DK,bus,2050,GA,8684,0.5,0,0,0.5,0,0,0
EE,bus,2050,GA,5327,0.55,0,0.05,0.35,0.05,0,0
FI,bus,2050,GA,10476,0.157407408,0,0,0.583333333,0.259259259,0,0
FR,bus,2050,GA,94523,0.47,0,0,0.08,0.45,0,0
DE,bus,2050,GA,80225,0.35,0,0.3,0.3,0.05,0,0
GR,bus,2050,GA,28034,0.296296296,0,0,0.703703704,0,0,0
HU,bus,2050,GA,17723,0.4,0,0.14,0.4,0.06,0,0
IE,bus,2050,GA,6758,0.8,0,0,0.1,0,0.1,0
IT,bus,2050,GA,100199,0.4,0,0.05,0.37,0.04,0.14,0
LV,bus,2050,GA,3742,0.4,0,0.14,0.4,0.06,0,0
LT,bus,2050,GA,8069,0.4,0,0.14,0.4,0.06,0,0
LU,bus,2050,GA,2217,0.87962963,0,0,0.12037037,0,0,0
MT,bus,2050,GA,2306,0.4,0,0.14,0.4,0.06,0,0
NL,bus,2050,GA,9316,0.5,0.1,0,0.4,0,0,0
NO,bus,2050,GA,15558,0.39,0,0.22,0.23,0.16,0,0
PL,bus,2050,GA,126547,0.39,0,0.22,0.23,0.16,0,0
PT,bus,2050,GA,17300,0.6,0,0.05,0.25,0.1,0,0
RO,bus,2050,GA,54351,0.4,0,0.14,0.4,0.06,0,0
SK,bus,2050,GA,8282,0.4,0,0.22,0.23,0.15,0,0
SI,bus,2050,GA,2502,0.4,0,0.14,0.4,0.06,0,0
ES,bus,2050,GA,60998,0.65,0,0,0.2,0.15,0,0
SE,bus,2050,GA,13594,0.2,0,0.14,0.6,0.06,0,0
CH,bus,2050,GA,9224,0.4,0,0.14,0.4,0.06,0,0
UK,bus,2050,GA,81652,0.7,0,0,0.25,0.05,0,0
AT,truck,2030,GA,74473,0.325,0.005424216,0.519480935,0.15,9.48486E-05,0,0
BE,truck,2030,GA,138807,0.1435,0.014934464,0.674658546,0.115,0.00190699,0.05,0
BG,truck,2030,GA,53325.61,0.025,0.011601134,0.75585668,0.155,0.052542186,0,0
HR,truck,2030,GA,51072,0,0.004675677,0.950303285,0.035,0.010021038,0,0
CY,truck,2030,GA,13710,0.025,0.070687255,0.696812745,0.155,0.0525,0,0
CZ,truck,2030,GA,186905,0.025,0.020248161,0.787103191,0.085,0.047648647,0.035,0
DK,truck,2030,GA,43227,0.025,0.015925143,0.791415931,0.085,0.082658926,0,0
EE,truck,2030,GA,41014,0.065,0.050295996,0.724704004,0.075,0.04,0.045,0
FI,truck,2030,GA,94771,0,0.013623732,0.685280345,0.148148148,0.0788737,0.074074075,0
FR,truck,2030,GA,616467,0.150000032,0.013891405,0.661021684,0.05,0.090086879,0.035,0
DE,truck,2030,GA,964696,0.200000092,0.004752779,0.495176735,0.1,7.03937E-05,0.2,0
GR,truck,2030,GA,225571,0.018518519,0.108533872,0.483983935,0.175925926,0.213037749,0,0
HU,truck,2030,GA,95964,0.025,0.009470091,0.757858513,0.155,0.052671396,0,0
IE,truck,2030,GA,48158,0.055,0.000250996,0.649749004,0.22,0,0.075,0
IT,truck,2030,GA,960284,0.06,0.016518358,0.578432747,0.105,4.88952E-05,0.24,0
LV,truck,2030,GA,33144,0.025,0.003240033,0.764252967,0.155,0.052507,0,0
LT,truck,2030,GA,73019,0.025,0.002380276,0.765111335,0.155,0.052508389,0,0
LU,truck,2030,GA,13966,0.415,0.000633957,0.549366043,0.035,0,0,0
MT,truck,2030,GA,6834.49,0.0465,0.03983666,0.90716334,0,0.0065,0,0
NL,truck,2030,GA,158108,0.136855467,0,0.660594533,0.20255,0,0,0
NO,truck,2030,GA,88137,0.065,0.014039173,0.745925234,0.15,0.025035593,0,0
PL,truck,2030,GA,1234074,0.017500035,0.039520248,0.775426045,0.085,0.082553672,0,0
PT,truck,2030,GA,135000,0.1,0.004399712,0.76057207,0.1,0.035028219,0,0
RO,truck,2030,GA,437267,0.025,0.063835702,0.703664298,0.155,0.0525,0,0
SK,truck,2030,GA,83341,0.025,0.030194523,0.777305477,0.085,0.0825,0,0
SI,truck,2030,GA,37951,0.025,0.0045597,0.7629403,0.155,0.0525,0,0
ES,truck,2030,GA,571927,0.2,0.007034235,0.59293788,0.075,2.78851E-05,0.125,0
SE,truck,2030,GA,85554,0.065,0.014039173,0.745925234,0.15,0.025035593,0,0
CH,truck,2030,GA,61410,0.325,0.005424216,0.519480935,0.15,9.48486E-05,0,0
UK,truck,2030,GA,740568,0.136855467,0,0.660594533,0.20255,0,0,0
AT,truck,2040,GA,74473,0.65,0,0.05,0.3,0,0,0
BE,truck,2040,GA,138807,0.287,0.01,0.37,0.23,0.003,0.1,0
BG,truck,2040,GA,53325.61,0.05,0,0.535,0.31,0.105,0,0
HR,truck,2040,GA,51072,0,0,0.91,0.07,0.02,0,0
CY,truck,2040,GA,13710,0.05,0,0.535,0.31,0.105,0,0
CZ,truck,2040,GA,186905,0.05,0,0.615,0.17,0.095,0.07,0
DK,truck,2040,GA,43227,0.05,0,0.615,0.17,0.165,0,0
EE,truck,2040,GA,41014,0.13,0,0.55,0.15,0.08,0.09,0
FI,truck,2040,GA,94771,0,0,0.398148148,0.296296296,0.157407407,0.148148149,0
FR,truck,2040,GA,616467,0.3,0,0.35,0.1,0.18,0.07,0
DE,truck,2040,GA,964696,0.4,0,0,0.2,0,0.4,0
GR,truck,2040,GA,225571,0.037037037,0,0.185185185,0.351851852,0.425925926,0,0
HU,truck,2040,GA,95964,0.05,0,0.535,0.31,0.105,0,0
IE,truck,2040,GA,48158,0.11,0,0.3,0.44,0,0.15,0
IT,truck,2040,GA,960284,0.12,0,0.19,0.21,0,0.48,0
LV,truck,2040,GA,33144,0.05,0,0.535,0.31,0.105,0,0
LT,truck,2040,GA,73019,0.05,0,0.535,0.31,0.105,0,0
LU,truck,2040,GA,13966,0.83,0,0.1,0.07,0,0,0
MT,truck,2040,GA,6834.49,0.093,0.004,0.89,0,0.013,0,0
NL,truck,2040,GA,158108,0.2727,0,0.3222,0.4051,0,0,0
NO,truck,2040,GA,88137,0.13,0,0.52,0.3,0.05,0,0
PL,truck,2040,GA,1234074,0.035,0,0.63,0.17,0.165,0,0
PT,truck,2040,GA,135000,0.2,0,0.53,0.2,0.07,0,0
RO,truck,2040,GA,437267,0.05,0,0.535,0.31,0.105,0,0
SK,truck,2040,GA,83341,0.05,0,0.615,0.17,0.165,0,0
SI,truck,2040,GA,37951,0.05,0,0.535,0.31,0.105,0,0
ES,truck,2040,GA,571927,0.4,0,0.2,0.15,0,0.25,0
SE,truck,2040,GA,85554,0.13,0,0.52,0.3,0.05,0,0
CH,truck,2040,GA,61410,0.65,0,0.05,0.3,0,0,0
UK,truck,2040,GA,740568,0.2727,0,0.3222,0.4051,0,0,0
AT,truck,2050,GA,74473,0.7,0,0,0.3,0,0,0
BE,truck,2050,GA,138807,0.45,0,0,0.4,0,0.15,0
BG,truck,2050,GA,53325.61,0.1,0,0.28,0.46,0.16,0,0
HR,truck,2050,GA,51072,0,0,0.395,0.15,0.455,0,0
CY,truck,2050,GA,13710,0.1,0,0.28,0.46,0.16,0,0
CZ,truck,2050,GA,186905,0.1,0,0.36,0.37,0.12,0.05,0
DK,truck,2050,GA,43227,0,0,0,0.700444444,0.299555556,0,0
EE,truck,2050,GA,41014,0.32,0,0.2,0.4,0.04,0.04,0
FI,truck,2050,GA,94771,0.027777778,0,0,0.509259259,0.25,0.212962963,0
FR,truck,2050,GA,616467,0.47,0,0.03,0.15,0.23,0.12,0
DE,truck,2050,GA,964696,0.5,0,0,0.48,0,0.02,0
GR,truck,2050,GA,225571,0.074074074,0,0,0.87037037,0.055555556,0,0
HU,truck,2050,GA,95964,0.1,0,0.28,0.46,0.16,0,0
IE,truck,2050,GA,48158,0.3,0,0,0.55,0,0.15,0
IT,truck,2050,GA,960284,0.27,0,0.05,0.35,0,0.33,0
LV,truck,2050,GA,33144,0.1,0,0.28,0.46,0.16,0,0
LT,truck,2050,GA,73019,0.1,0,0.28,0.46,0.16,0,0
LU,truck,2050,GA,13966,0.796296296,0,0,0.203703704,0,0,0
MT,truck,2050,GA,6834.49,0.54,0,0.09,0.29,0.08,0,0
NL,truck,2050,GA,158108,0.3,0,0.2,0.5,0,0,0
NO,truck,2050,GA,88137,0.09,0,0,0.8,0.11,0,0
PL,truck,2050,GA,1234074,0.09,0,0.365,0.325,0.22,0,0
PT,truck,2050,GA,135000,0.4,0,0,0.55,0.05,0,0
RO,truck,2050,GA,437267,0.1,0,0.28,0.46,0.16,0,0
SK,truck,2050,GA,83341,0.1,0,0.36,0.32,0.22,0,0
SI,truck,2050,GA,37951,0.1,0,0.28,0.46,0.16,0,0
ES,truck,2050,GA,571927,0.85,0,0,0.15,0,0,0
SE,truck,2050,GA,85554,0.09,0,0,0.8,0.11,0,0
CH,truck,2050,GA,61410,0.7,0,0,0.3,0,0,0
UK,truck,2050,GA,740568,0.3,0,0.2,0.5,0,0,0
AT,van,2030,GA,493387,0.410460817,4.70253E-05,0.49716453,0.065,0.027115321,0,0.000212307
BE,van,2030,GA,861148,0.275722028,0.146056664,0.524643652,0.0415,0.004189218,0,0.007888438
BG,van,2030,GA,356871.39,0.111936708,5.01502E-05,0.757164728,0.12,0.010373381,0,0.000475032
HR,van,2030,GA,162644,0.058104388,3.68772E-05,0.916542707,0,0.023355161,0,0.001960866
CY,van,2030,GA,104216,0.111666667,0,0.758089928,0.12,0.01,0,0.000243406
CZ,van,2030,GA,610405,0.112746876,4.10053E-05,0.771788575,0.065,0.037923305,0,0.012500238
DK,van,2030,GA,373267,0.112221514,4.98335E-05,0.795488887,0.065,0.027239765,0,0
EE,van,2030,GA,99094,0.170688999,5.06111E-05,0.790356149,0.025,0.009360433,0,0.004543808
FI,van,2030,GA,343927,0.077177966,4.20122E-05,0.649007785,0.092592593,0.181179644,0,0
FR,van,2030,GA,6279138,0.275995686,6.897E-05,0.692971832,0.005,0.025377409,0,0.000586103
DE,van,2030,GA,3141643,0.401023593,0.015077196,0.495707391,0.075,0.010836152,0,0.002355667
GR,van,2030,GA,944308,0.051354037,6.57489E-05,0.812028697,0.125,0.010800027,0,0.00075149
HU,van,2030,GA,501553,0.112679626,5.75252E-05,0.756628617,0.12,0.010595149,0,3.90834E-05
IE,van,2030,GA,404521,0.112359374,4.50711E-05,0.797586858,0.065,0.025,0,8.69737E-06
IT,van,2030,GA,4318840,0.190306474,3.90008E-05,0.629099196,0.085,0.084068438,0,0.01148689
LV,van,2030,GA,63177,0.11204799,3.72731E-05,0.757664107,0.12,0.010055617,0,0.000195013
LT,van,2030,GA,56012,0.111990935,2.77534E-05,0.757502226,0.12,0.010214271,0,0.000264814
LU,van,2030,GA,40872,0.427668081,5.88856E-05,0.571257476,0.0005,0,0,0.000515557
MT,van,2030,GA,45738.51,0.153052827,0.009,0.835233387,0,0.0015,0,0.001213787
NL,van,2030,GA,1057084,0.269973773,0.005499594,0.613495698,0.09165,0,0,0.019380935
NO,van,2030,GA,535454,1,0,0,0,0,0,0
PL,van,2030,GA,2905731,0.111915847,6.42866E-05,0.762131726,0.07,0.026261754,0,0.029626386
PT,van,2030,GA,1150000,0.206825978,4.30763E-05,0.717674533,0.05,0.025018433,0,0.00043798
RO,van,2030,GA,750751,0.113983311,4.05887E-05,0.755951925,0.12,0.01,0,2.41755E-05
SK,van,2030,GA,285860,0.111763477,4.27371E-05,0.798193786,0.065,0.025,0,0
SI,van,2030,GA,94850,0.112078289,4.97574E-05,0.750566396,0.12,0.011227673,0,0.006077884
ES,van,2030,GA,3898195,0.200788106,7.59702E-05,0.623721584,0,0.175119421,0,0.00029492
SE,van,2030,GA,605668,0.215382692,4.48214E-05,0.67807073,0.1,0.006501757,0,0
CH,van,2030,GA,426290,0.401023593,0.015077196,0.495707391,0.075,0.010836152,0,0.002355667
UK,van,2030,GA,5323255,0.269973773,0.005499594,0.613495698,0.09165,0,0,0.019380935
AT,van,2040,GA,493387,0.82,0,0,0.13,0.05,0,0
BE,van,2040,GA,861148,0.549,0.292,0.073,0.083,0.003,0,0
BG,van,2040,GA,356871.39,0.223333333,0,0.516666667,0.24,0.02,0,0
HR,van,2040,GA,162644,0.116,0,0.838,0,0.046,0,0
CY,van,2040,GA,104216,0.223333333,0,0.516666667,0.24,0.02,0,0
CZ,van,2040,GA,610405,0.223333333,0,0.596666667,0.13,0.05,0,0
DK,van,2040,GA,373267,0.223333333,0,0.596666667,0.13,0.05,0,0
EE,van,2040,GA,99094,0.34,0,0.6,0.05,0.01,0,0
FI,van,2040,GA,343927,0.148148148,0,0.305555556,0.185185185,0.361111111,0,0
FR,van,2040,GA,6279138,0.55,0,0.39,0.01,0.05,0,0
DE,van,2040,GA,3141643,0.8,0.03,0.02,0.15,0,0,0
GR,van,2040,GA,944308,0.101851852,0,0.628148148,0.25,0.02,0,0
HU,van,2040,GA,501553,0.223333333,0,0.516666667,0.24,0.02,0,0
IE,van,2040,GA,404521,0.223333333,0,0.596666667,0.13,0.05,0,0
IT,van,2040,GA,4318840,0.38,0,0.31,0.17,0.13,0,0.01
LV,van,2040,GA,63177,0.223333333,0,0.516666667,0.24,0.02,0,0
LT,van,2040,GA,56012,0.223333333,0,0.516666667,0.24,0.02,0,0
LU,van,2040,GA,40872,0.85,0,0.149,0.001,0,0,0
MT,van,2040,GA,45738.51,0.305,0.018,0.674,0,0.003,0,0
NL,van,2040,GA,1057084,0.524,0.0044,0.2728,0.1833,0,0,0.0155
NO,van,2040,GA,535454,1,0,0,0,0,0,0
PL,van,2040,GA,2905731,0.223333333,0,0.586666667,0.14,0.05,0,0
PT,van,2040,GA,1150000,0.413333333,0,0.436666667,0.1,0.05,0,0
RO,van,2040,GA,750751,0.223333333,0,0.516666667,0.24,0.02,0,0
SK,van,2040,GA,285860,0.223333333,0,0.596666667,0.13,0.05,0,0
SI,van,2040,GA,94850,0.223333333,0,0.516666667,0.24,0.02,0,0
ES,van,2040,GA,3898195,0.4,0,0.25,0,0.35,0,0
SE,van,2040,GA,605668,0.422,0,0.378,0.2,0,0,0
CH,van,2040,GA,426290,0.8,0.03,0.02,0.15,0,0,0
UK,van,2040,GA,5323255,0.524,0.0044,0.2728,0.1833,0,0,0.0155
AT,van,2050,GA,493387,0.85,0,0,0.15,0,0,0
BE,van,2050,GA,861148,0.85,0,0,0.15,0,0,0
BG,van,2050,GA,356871.39,0.406666667,0,0.233333333,0.33,0.03,0,0
HR,van,2050,GA,162644,0.552,0,0.227,0.055,0.166,0,0
CY,van,2050,GA,104216,0.406666667,0,0.233333333,0.33,0.03,0,0
CZ,van,2050,GA,610405,0.406666667,0,0.293333333,0.24,0.06,0,0
DK,van,2050,GA,373267,0.4,0,0,0.6,0,0,0
EE,van,2050,GA,99094,0.75,0,0.15,0.05,0.05,0,0
FI,van,2050,GA,343927,0.407407407,0,0,0.277777778,0.314814815,0,0
FR,van,2050,GA,6279138,0.86,0,0.03,0.03,0.08,0,0
DE,van,2050,GA,3141643,0.9,0.005,0.005,0.09,0,0,0
GR,van,2050,GA,944308,0.442222222,0,0,0.527777778,0.03,0,0
HU,van,2050,GA,501553,0.406666667,0,0.233333333,0.33,0.03,0,0
IE,van,2050,GA,404521,0.406666667,0,0.293333333,0.24,0.06,0,0
IT,van,2050,GA,4318840,0.75,0,0,0.24,0.01,0,0
LV,van,2050,GA,63177,0.406666667,0,0.233333333,0.33,0.03,0,0
LT,van,2050,GA,56012,0.406666667,0,0.233333333,0.33,0.03,0,0
LU,van,2050,GA,40872,0.935185185,0,0,0.064814815,0,0,0
MT,van,2050,GA,45738.51,0.406666667,0,0.233333333,0.33,0.03,0,0
NL,van,2050,GA,1057084,0.7,0,0.05,0.25,0,0,0
NO,van,2050,GA,535454,1,0,0,0,0,0,0
PL,van,2050,GA,2905731,0.396666667,0,0.293333333,0.25,0.06,0,0
PT,van,2050,GA,1150000,0.716666667,0,0.033333333,0.2,0.05,0,0
RO,van,2050,GA,750751,0.406666667,0,0.233333333,0.33,0.03,0,0
SK,van,2050,GA,285860,0.406666667,0,0.293333333,0.24,0.06,0,0
SI,van,2050,GA,94850,0.406666667,0,0.233333333,0.33,0.03,0,0
ES,van,2050,GA,3898195,0.6,0,0,0.19,0.21,0,0
SE,van,2050,GA,605668,0.67,0,0,0.33,0,0,0
CH,van,2050,GA,426290,0.9,0.005,0.005,0.09,0,0,0
UK,van,2050,GA,5323255,0.7,0,0.05,0.25,0,0,0
AT,car,2030,GA,5150890,0.375230161,0.138335235,0.385662067,0.1,0.000331724,0,0.000440813
BE,car,2030,GA,5955127,0.276069321,0.283063942,0.393334184,0.041,0.003049542,0,0.003483012
BG,car,2030,GA,2896777,0.123621653,0.358844684,0.314963191,0.095,0.020937572,0,0.0866329
HR,car,2030,GA,1840767,0.047543146,0.593428637,0.334820765,0,0.001516153,0,0.022691298
CY,car,2030,GA,601131,0.123333333,0.5877044,0.183483558,0.095,0.01,0,0.000478709
CZ,car,2030,GA,6305934,0.09379187,0.477870743,0.322727734,0.075,0.021400414,0,0.009209239
DK,car,2030,GA,2801076,0.125432092,0.527750804,0.281815704,0.045,0.0200014,0,0
EE,car,2030,GA,849294,0.171097324,0.417685005,0.3715392,0.005,0.02651752,0,0.00816095
FI,car,2030,GA,3673750,0.315341836,0.33852016,0.286593424,0.045,0.014544581,0,0
FR,car,2030,GA,38856492,0.351775319,0.195232592,0.405590909,0.0125,4.39549E-05,0,0.034857225
DE,car,2030,GA,48763036,0.35089844,0.197721262,0.295533474,0.14,0.011620548,0,0.004226276
GR,car,2030,GA,5726012,0.270966075,0.338274474,0.200214175,0.15,0.005442607,0,0.035102669
HU,car,2030,GA,4094129,0.123627956,0.481467107,0.286779373,0.095,0.010229424,0,0.002896141
IE,car,2030,GA,2335130,0.265639544,0.3198768,0.364197092,0.025,0.025,0,0.000286565
IT,car,2030,GA,40213061,0.245262984,0.211461211,0.3893623,0.05,0.035624054,0,0.06828945
LV,car,2030,GA,769723,0.123470433,0.382592403,0.357036031,0.095,0.010052433,0,0.0318487
LT,car,2030,GA,1650384,0.124022842,0.345224006,0.392330344,0.095,0.010006358,0,0.03341645
LU,car,2030,GA,444818,0.385472086,0.194682275,0.404742057,0.015,0,0,0.000103581
MT,car,2030,GA,317234,0.258483309,0.406502914,0.331388204,0,0,0,0.003625573
NL,car,2030,GA,8917107,0.217768233,0.514622643,0.171534473,0.07835,0,0,0.01772465
NO,car,2030,GA,3018728,1,0,0,0,0,0,0
PL,car,2030,GA,21458101,0.113354076,0.439643454,0.307076934,0.055,0.020061879,0,0.064863657
PT,car,2030,GA,5778584,0.260185956,0.30180375,0.378299505,0.035,0.020002985,0,0.004707804
RO,car,2030,GA,7865186,0.123598232,0.412703096,0.347566949,0.095,0.01,0,0.011131723
SK,car,2030,GA,2555491,0.123350517,0.46336962,0.348279863,0.045,0.02,0,0
SI,car,2030,GA,1207755,0.148411348,0.410998723,0.355611814,0.07,0.010105884,0,0.004872231
ES,car,2030,GA,26605478,0.350446185,0.206177282,0.440123771,0,0.00099696,0,0.002255802
SE,car,2030,GA,4979761,0.255804808,0.284200369,0.351693843,0.1,0.00830098,0,0
CH,car,2030,GA,4812896,0.35089844,0.197721262,0.295533474,0.14,0.011620548,0,0.004226276
UK,car,2030,GA,32169932,0.35089844,0.197721262,0.295533474,0.14,0.011620548,0,0.004226276
AT,car,2040,GA,5150890,0.75,0.025,0.025,0.2,0,0,0
BE,car,2040,GA,5955127,0.549,0.292,0.073,0.082,0.004,0,0
BG,car,2040,GA,2896777,0.246666667,0.543333333,0,0.19,0.02,0,0
HR,car,2040,GA,1840767,0.095,0.902,0,0,0.003,0,0
CY,car,2040,GA,601131,0.246666667,0.543333333,0,0.19,0.02,0,0
CZ,car,2040,GA,6305934,0.186666667,0.623333333,0,0.15,0.04,0,0
DK,car,2040,GA,2801076,0.246666667,0.623333333,0,0.09,0.04,0,0
EE,car,2040,GA,849294,0.34,0.426,0.174,0.01,0.05,0,0
FI,car,2040,GA,3673750,0.627070707,0.255151515,0,0.09,0.027777778,0,0
FR,car,2040,GA,38856492,0.7016,0.1504,0.055,0.025,0,0,0.068
DE,car,2040,GA,48763036,0.7,0,0,0.28,0.02,0,0
GR,car,2040,GA,5726012,0.541851852,0.148148148,0,0.3,0.01,0,0
HU,car,2040,GA,4094129,0.246666667,0.543333333,0,0.19,0.02,0,0
IE,car,2040,GA,2335130,0.53,0.37,0,0.05,0.05,0,0
IT,car,2040,GA,40213061,0.49,0.17,0.13,0.1,0.045,0,0.065
LV,car,2040,GA,769723,0.246666667,0.543333333,0,0.19,0.02,0,0
LT,car,2040,GA,1650384,0.246666667,0.543333333,0,0.19,0.02,0,0
LU,car,2040,GA,444818,0.77,0.15,0.05,0.03,0,0,0
MT,car,2040,GA,317234,0.515,0.364,0.118,0,0,0,0.003
NL,car,2040,GA,8917107,0.4199,0.3837,0.0397,0.1567,0,0,0
NO,car,2040,GA,3018728,1,0,0,0,0,0,0
PL,car,2040,GA,21458101,0.226666667,0.623333333,0,0.11,0.04,0,0
PT,car,2040,GA,5778584,0.52,0.37,0,0.07,0.04,0,0
RO,car,2040,GA,7865186,0.246666667,0.543333333,0,0.19,0.02,0,0
SK,car,2040,GA,2555491,0.246666667,0.623333333,0,0.09,0.04,0,0
SI,car,2040,GA,1207755,0.296666667,0.543333333,0,0.14,0.02,0,0
ES,car,2040,GA,26605478,0.7,0.2,0.1,0,0,0,0
SE,car,2040,GA,4979761,0.5,0.174,0.116,0.2,0.01,0,0
CH,car,2040,GA,4812896,0.7,0,0,0.28,0.02,0,0
UK,car,2040,GA,32169932,0.7,0,0,0.28,0.02,0,0
AT,car,2050,GA,5150890,0.8,0,0,0.2,0,0,0
BE,car,2050,GA,5955127,0.85,0,0,0.15,0,0,0
BG,car,2050,GA,2896777,0.69,0.05,0,0.23,0.03,0,0
HR,car,2050,GA,1840767,0.905,0.05,0,0.02,0.025,0,0
CY,car,2050,GA,601131,0.69,0.05,0,0.23,0.03,0,0
CZ,car,2050,GA,6305934,0.7,0.05,0,0.2,0.05,0,0
DK,car,2050,GA,2801076,0.8,0,0,0.2,0,0,0
EE,car,2050,GA,849294,0.7,0.1,0.05,0.1,0.05,0,0
FI,car,2050,GA,3673750,0.755740741,0,0,0.207222222,0.037037037,0,0
FR,car,2050,GA,38856492,0.95,0,0,0.05,0,0,0
DE,car,2050,GA,48763036,0.7,0,0,0.28,0.02,0,0
GR,car,2050,GA,5726012,0.648148148,0,0,0.351851852,0,0,0
HU,car,2050,GA,4094129,0.69,0.05,0,0.23,0.03,0,0
IE,car,2050,GA,2335130,0.85,0,0,0.1,0.05,0,0
IT,car,2050,GA,40213061,0.85,0,0,0.15,0,0,0
LV,car,2050,GA,769723,0.69,0.05,0,0.23,0.03,0,0
LT,car,2050,GA,1650384,0.69,0.05,0,0.23,0.03,0,0
LU,car,2050,GA,444818,0.88,0.05,0.01,0.06,0,0,0
MT,car,2050,GA,317234,0.69,0.05,0,0.23,0.03,0,0
NL,car,2050,GA,8917107,0.7,0.05,0,0.25,0,0,0
NO,car,2050,GA,3018728,1,0,0,0,0,0,0
PL,car,2050,GA,21458101,0.73,0.05,0,0.17,0.05,0,0
PT,car,2050,GA,5778584,0.816666667,0.033333333,0,0.1,0.05,0,0
RO,car,2050,GA,7865186,0.69,0.05,0,0.23,0.03,0,0
SK,car,2050,GA,2555491,0.74,0.05,0,0.16,0.05,0,0
SI,car,2050,GA,1207755,0.72,0.05,0,0.2,0.03,0,0
ES,car,2050,GA,26605478,0.95,0,0,0.041,0.009,0,0
SE,car,2050,GA,4979761,0.5,0,0,0.5,0,0,0
CH,car,2050,GA,4812896,0.7,0,0,0.28,0.02,0,0
UK,car,2050,GA,32169932,0.7,0,0,0.28,0.02,0,0
AT,bus,2030,DE,10136,0.476010215,0.00026561,0.459831623,0.025,0.038892552,0,0
BE,bus,2030,DE,16606,0.257361231,0.002497915,0.701959691,0.0125,0.025681162,0,0
BG,bus,2030,DE,17352,0.15637043,0.000129138,0.641512962,0.1,0.101987469,0,0
HR,bus,2030,DE,5136,0.08343847,0.000577356,0.90004849,0,0.015935684,0,0
CY,bus,2030,DE,2774,0.13975,0.056873446,0.688376554,0.1,0.015,0,0
CZ,bus,2030,DE,20489,0.191653978,0.005169547,0.655657122,0,0.147519354,0,0
DK,bus,2030,DE,8684,0.300892225,0.000382356,0.531501053,0.135,0.032224367,0,0
EE,bus,2030,DE,5327,0.212327548,0.003532583,0.523363343,0.1,0.155776526,0.005,0
FI,bus,2030,DE,10476,0.31514162,0.000425178,0.620720057,0.041903082,0.021810063,0,0
FR,bus,2030,DE,94523,0.251981719,0.000500617,0.600863454,0.026,0.12065421,0,0
DE,bus,2030,DE,80225,0.301969173,0.000264335,0.559203851,0.125,0.01356264,0,0
GR,bus,2030,DE,28034,0.142657623,0.00022087,0.710819744,0.1,0.046301764,0,0
HU,bus,2030,DE,17723,0.15174764,0.000885626,0.716902248,0.1,0.030464486,0,0
IE,bus,2030,DE,6758,0.456442543,0.000387825,0.493169632,0,0.02,0.03,0
IT,bus,2030,DE,100199,0.109705784,0.000430315,0.629856438,0.0625,0.087507463,0.11,0
LV,bus,2030,DE,3742,0.191790802,0.001697407,0.690463421,0.1,0.016048371,0,0
LT,bus,2030,DE,8069,0.210772366,0.002331938,0.569373157,0.1,0.117522539,0,0
LU,bus,2030,DE,2217,0.479042812,0.000297725,0.495640945,0.025018519,0,0,0
MT,bus,2030,DE,2306,0.052129519,0.00099875,0.946871731,0,0,0,0
NL,bus,2030,DE,9316,0.523070472,0.001035415,0.307073693,0.0443,0.124151471,0.000368949,0
NO,bus,2030,DE,15558,0.175414326,0.000100171,0.736510225,0.0375,0.050475279,0,0
PL,bus,2030,DE,126547,0.175414326,0.000100171,0.736510225,0.0375,0.050475279,0,0
PT,bus,2030,DE,17300,0.251750401,0.000349485,0.646113339,0.025,0.076786775,0,0
RO,bus,2030,DE,54351,0.142435115,0.00055384,0.742011045,0.1,0.015,0,0
SK,bus,2030,DE,8282,0.160038879,0.000261789,0.762199332,0.0375,0.04,0,0
SI,bus,2030,DE,2502,0.142289646,0.000345641,0.69703365,0.1,0.060331063,0,0
ES,bus,2030,DE,60998,0.10340083,0.001280382,0.692851873,0,0.202466915,0,0
SE,bus,2030,DE,13594,0.18809101,0.000721699,0.608099722,0,0.20308757,0,0
CH,bus,2030,DE,9224,0.15637043,0.000129138,0.641512962,0.1,0.101987469,0,0
UK,bus,2030,DE,81652,0.257361231,0.002497915,0.701959691,0.0125,0.025681162,0,0
AT,bus,2040,DE,10136,0.95,0,0,0.05,0,0,0
BE,bus,2040,DE,16606,0.505,0.002,0.468,0.025,0,0,0
BG,bus,2040,DE,17352,0.2825,0,0.4875,0.2,0.03,0,0
HR,bus,2040,DE,5136,0.166,0,0.83,0,0.004,0,0
CY,bus,2040,DE,2774,0.2795,0.11012963,0.38037037,0.2,0.03,0,0
CZ,bus,2040,DE,20489,0.3575,0,0.5625,0,0.08,0,0
DK,bus,2040,DE,8684,0.6,0,0.1,0.27,0.03,0,0
EE,bus,2040,DE,5327,0.39,0,0.25,0.2,0.15,0.01,0
FI,bus,2040,DE,10476,0.6182334,0,0.297960436,0.083806165,0,0,0
FR,bus,2040,DE,94523,0.49985558,0,0.337777778,0.052,0.110366642,0,0
DE,bus,2040,DE,80225,0.6,0,0.15,0.25,0,0,0
GR,bus,2040,DE,28034,0.2825,0,0.4875,0.2,0.03,0,0
HU,bus,2040,DE,17723,0.2825,0,0.4875,0.2,0.03,0,0
IE,bus,2040,DE,6758,0.9,0,0,0,0.04,0.06,0
IT,bus,2040,DE,100199,0.215,0,0.39,0.125,0.05,0.22,0
LV,bus,2040,DE,3742,0.2825,0,0.4875,0.2,0.03,0,0
LT,bus,2040,DE,8069,0.2825,0,0.4875,0.2,0.03,0,0
LU,bus,2040,DE,2217,0.929925926,0,0.020037037,0.050037037,0,0,0
MT,bus,2040,DE,2306,0.103,0,0.897,0,0,0,0
NL,bus,2040,DE,9316,0.9114,0,0,0.0886,0,0,0
NO,bus,2040,DE,15558,0.345,0,0.5,0.075,0.08,0,0
PL,bus,2040,DE,126547,0.345,0,0.5,0.075,0.08,0,0
PT,bus,2040,DE,17300,0.5,0,0.4,0.05,0.05,0,0
RO,bus,2040,DE,54351,0.2825,0,0.4875,0.2,0.03,0,0
SK,bus,2040,DE,8282,0.2825,0,0.5625,0.075,0.08,0,0
SI,bus,2040,DE,2502,0.2825,0,0.4875,0.2,0.03,0,0
ES,bus,2040,DE,60998,0.2,0,0.62,0,0.18,0,0
SE,bus,2040,DE,13594,0.3625,0,0.4875,0,0.15,0,0
CH,bus,2040,DE,9224,0.2825,0,0.4875,0.2,0.03,0,0
UK,bus,2040,DE,81652,0.505,0.002,0.468,0.025,0,0,0
AT,bus,2050,DE,10136,0.95,0,0,0.05,0,0,0
BE,bus,2050,DE,16606,0.95,0,0,0.05,0,0,0
BG,bus,2050,DE,17352,0.505,0,0.165,0.28,0.05,0,0
HR,bus,2050,DE,5136,0.443,0,0.52,0,0.037,0,0
CY,bus,2050,DE,2774,0.507,0,0.16,0.283,0.05,0,0
CZ,bus,2050,DE,20489,0.339444444,0,0.245,0.305555556,0.11,0,0
DK,bus,2050,DE,8684,0.8,0,0,0.2,0,0,0
EE,bus,2050,DE,5327,0.65,0,0.05,0.25,0.05,0,0
FI,bus,2050,DE,10476,0.822036509,0,0.062389278,0.115574212,0,0,0
FR,bus,2050,DE,94523,0.73,0,0.115,0.07,0.085,0,0
DE,bus,2050,DE,80225,0.7,0,0,0.3,0,0,0
GR,bus,2050,DE,28034,0.505,0,0.165,0.28,0.05,0,0
HU,bus,2050,DE,17723,0.505,0,0.165,0.28,0.05,0,0
IE,bus,2050,DE,6758,0.84,0,0,0.05,0.05,0.06,0
IT,bus,2050,DE,100199,0.61,0,0.05,0.2,0.02,0.12,0
LV,bus,2050,DE,3742,0.505,0,0.165,0.28,0.05,0,0
LT,bus,2050,DE,8069,0.505,0,0.165,0.28,0.05,0,0
LU,bus,2050,DE,2217,0.944444444,0,0,0.055555556,0,0,0
MT,bus,2050,DE,2306,0.505,0,0.165,0.28,0.05,0,0
NL,bus,2050,DE,9316,0.75,0,0,0.25,0,0,0
NO,bus,2050,DE,15558,0.62,0,0.15,0.12,0.11,0,0
PL,bus,2050,DE,126547,0.62,0,0.15,0.12,0.11,0,0
PT,bus,2050,DE,17300,0.9,0,0,0.05,0.05,0,0
RO,bus,2050,DE,54351,0.505,0,0.165,0.28,0.05,0,0
SK,bus,2050,DE,8282,0.505,0,0.245,0.14,0.11,0,0
SI,bus,2050,DE,2502,0.505,0,0.165,0.28,0.05,0,0
ES,bus,2050,DE,60998,0.89,0,0,0,0.11,0,0
SE,bus,2050,DE,13594,0.645,0,0.165,0,0.19,0,0
CH,bus,2050,DE,9224,0.505,0,0.165,0.28,0.05,0,0
UK,bus,2050,DE,81652,0.95,0,0,0.05,0,0,0
AT,truck,2030,DE,74473,0.325,0.005424216,0.519480935,0.15,9.48486E-05,0,0
BE,truck,2030,DE,138807,0.2905,0.017434464,0.673408546,0.01825,0.00040699,0,0
BG,truck,2030,DE,53325.61,0.0775,0.011601134,0.76335668,0.1225,0.025042186,0,0
HR,truck,2030,DE,51072,0.025,0.004675677,0.952053285,0,0.018271038,0,0
CY,truck,2030,DE,13710,0.09,0.070687255,0.689312745,0.125,0.025,0,0
CZ,truck,2030,DE,186905,0.13,0.020248161,0.772103191,0.0775,0.000148647,0,0
DK,truck,2030,DE,43227,0.15,0.015925143,0.558915931,0.275,0.000158926,0,0
EE,truck,2030,DE,41014,0.08,0.050295996,0.724704004,0.06,0.04,0.045,0
FI,truck,2030,DE,94771,0.1325,0.013623732,0.802206271,0.0415,0.010169996,0,0
FR,truck,2030,DE,616467,0.194500032,0.013891405,0.673021684,0.0335,0.060086879,0.025,0
DE,truck,2030,DE,964696,0.390000092,0.004752779,0.510176735,0.095,7.03937E-05,0,0
GR,truck,2030,DE,225571,0.0775,0.108533872,0.663891342,0.125,0.025074786,0,0
HU,truck,2030,DE,95964,0.09,0.009470091,0.750358513,0.125,0.025171396,0,0
IE,truck,2030,DE,48158,0.365,0.000250996,0.499749004,0.06,0,0.075,0
IT,truck,2030,DE,960284,0.09495,0.016518358,0.583432747,0.1,9.88952E-05,0.205,0
LV,truck,2030,DE,33144,0.09,0.003240033,0.756752967,0.125,0.025007,0,0
LT,truck,2030,DE,73019,0.09,0.002380276,0.757611335,0.125,0.025008389,0,0
LU,truck,2030,DE,13966,0.349962963,0.000633957,0.574532709,0.074870371,0,0,0
MT,truck,2030,DE,6834.49,0.0465,0.03983666,0.90716334,0,0.0065,0,0
NL,truck,2030,DE,158108,0.333455467,0,0.603894533,0.06265,0,0,0
NO,truck,2030,DE,88137,0.215,0.014039173,0.745925234,0,0.025035593,0,0
PL,truck,2030,DE,1234074,0.105000035,0.039520248,0.735426045,0.0675,0.052553672,0,0
PT,truck,2030,DE,135000,0.175,0.004399712,0.72057207,0.075,0.025028219,0,0
RO,truck,2030,DE,437267,0.09,0.063835702,0.696164298,0.125,0.025,0,0
SK,truck,2030,DE,83341,0.0775,0.030194523,0.779805477,0.06,0.0525,0,0
SI,truck,2030,DE,37951,0.09,0.0045597,0.7554403,0.125,0.025,0,0
ES,truck,2030,DE,571927,0.35,0.007034235,0.58293788,0,2.78851E-05,0.06,0
SE,truck,2030,DE,85554,0.215,0.014039173,0.745925234,0,0.025035593,0,0
CH,truck,2030,DE,61410,0.325,0.005424216,0.519480935,0.15,9.48486E-05,0,0
UK,truck,2030,DE,740568,0.333455467,0,0.603894533,0.06265,0,0,0
AT,truck,2040,DE,74473,0.65,0,0.05,0.3,0,0,0
BE,truck,2040,DE,138807,0.581,0.015,0.3675,0.0365,0,0,0
BG,truck,2040,DE,53325.61,0.155,0,0.55,0.245,0.05,0,0
HR,truck,2040,DE,51072,0.05,0,0.9135,0,0.0365,0,0
CY,truck,2040,DE,13710,0.18,0,0.52,0.25,0.05,0,0
CZ,truck,2040,DE,186905,0.26,0,0.585,0.155,0,0,0
DK,truck,2040,DE,43227,0.3,0,0.15,0.55,0,0,0
EE,truck,2040,DE,41014,0.16,0,0.55,0.12,0.08,0.09,0
FI,truck,2040,DE,94771,0.265,0,0.632,0.083,0.02,0,0
FR,truck,2040,DE,616467,0.389,0,0.374,0.067,0.12,0.05,0
DE,truck,2040,DE,964696,0.78,0,0.03,0.19,0,0,0
GR,truck,2040,DE,225571,0.155,0,0.545,0.25,0.05,0,0
HU,truck,2040,DE,95964,0.18,0,0.52,0.25,0.05,0,0
IE,truck,2040,DE,48158,0.73,0,0,0.12,0,0.15,0
IT,truck,2040,DE,960284,0.1899,0,0.2,0.2,0.0001,0.41,0
LV,truck,2040,DE,33144,0.18,0,0.52,0.25,0.05,0,0
LT,truck,2040,DE,73019,0.18,0,0.52,0.25,0.05,0,0
LU,truck,2040,DE,13966,0.699925926,0,0.150333333,0.149740741,0,0,0
MT,truck,2040,DE,6834.49,0.093,0.004,0.89,0,0.013,0,0
NL,truck,2040,DE,158108,0.6659,0,0.2088,0.1253,0,0,0
NO,truck,2040,DE,88137,0.43,0,0.52,0,0.05,0,0
PL,truck,2040,DE,1234074,0.21,0,0.55,0.135,0.105,0,0
PT,truck,2040,DE,135000,0.35,0,0.45,0.15,0.05,0,0
RO,truck,2040,DE,437267,0.18,0,0.52,0.25,0.05,0,0
SK,truck,2040,DE,83341,0.155,0,0.62,0.12,0.105,0,0
SI,truck,2040,DE,37951,0.18,0,0.52,0.25,0.05,0,0
ES,truck,2040,DE,571927,0.7,0,0.18,0,0,0.12,0
SE,truck,2040,DE,85554,0.43,0,0.52,0,0.05,0,0
CH,truck,2040,DE,61410,0.65,0,0.05,0.3,0,0,0
UK,truck,2040,DE,740568,0.6659,0,0.2088,0.1253,0,0,0
AT,truck,2050,DE,74473,0.95,0,0,0.05,0,0,0
BE,truck,2050,DE,138807,0.9,0,0,0.1,0,0,0
BG,truck,2050,DE,53325.61,0.44,0,0.09,0.39,0.08,0,0
HR,truck,2050,DE,51072,0.3,0,0.51,0.01,0.18,0,0
CY,truck,2050,DE,13710,0.44,0,0.09,0.39,0.08,0,0
CZ,truck,2050,DE,186905,0.667,0,0.1,0.233,0,0,0
DK,truck,2050,DE,43227,0.5,0,0,0.5,0,0,0
EE,truck,2050,DE,41014,0.4,0,0.2,0.32,0.04,0.04,0
FI,truck,2050,DE,94771,0.6109245,0,0.159311096,0.206787964,0.02297644,0,0
FR,truck,2050,DE,616467,0.68,0,0,0.1,0.15,0.07,0
DE,truck,2050,DE,964696,0.8,0,0,0.2,0,0,0
GR,truck,2050,DE,225571,0.44,0,0.09,0.39,0.08,0,0
HU,truck,2050,DE,95964,0.44,0,0.09,0.39,0.08,0,0
IE,truck,2050,DE,48158,0.62,0,0,0.23,0,0.15,0
IT,truck,2050,DE,960284,0.48,0,0.0499,0.25,0.0001,0.22,0
LV,truck,2050,DE,33144,0.44,0,0.09,0.39,0.08,0,0
LT,truck,2050,DE,73019,0.44,0,0.09,0.39,0.08,0,0
LU,truck,2050,DE,13966,0.791296296,0,0.005,0.203703704,0,0,0
MT,truck,2050,DE,6834.49,0.44,0,0.09,0.39,0.08,0,0
NL,truck,2050,DE,158108,0.75,0,0,0.25,0,0,0
NO,truck,2050,DE,88137,0.8,0,0.09,0,0.11,0,0
PL,truck,2050,DE,1234074,0.5,0,0.125,0.215,0.16,0,0
PT,truck,2050,DE,135000,0.7,0,0,0.3,0,0,0
RO,truck,2050,DE,437267,0.44,0,0.09,0.39,0.08,0,0
SK,truck,2050,DE,83341,0.45,0,0.16,0.23,0.16,0,0
SI,truck,2050,DE,37951,0.53,0,0.09,0.3,0.08,0,0
ES,truck,2050,DE,571927,0.87,0.13,0,0,0,0,0
SE,truck,2050,DE,85554,0.8,0,0.09,0,0.11,0,0
CH,truck,2050,DE,61410,0.95,0,0,0.05,0,0,0
UK,truck,2050,DE,740568,0.75,0,0,0.25,0,0,0
AT,van,2030,DE,493387,0.500460817,4.70253E-05,0.49716453,0,0.002115321,0,0.000212307
BE,van,2030,DE,861148,0.252055361,5.66638E-05,0.717310319,0.015,0.007689218,0,0.007888438
BG,van,2030,DE,356871.39,0.248603374,5.01502E-05,0.685498062,0.06,0.005373381,0,0.000475032
HR,van,2030,DE,162644,0.018104388,3.68772E-05,0.968942707,0.0001,0.010855161,0,0.001960866
CY,van,2030,DE,104216,0.248333333,0,0.686423261,0.06,0.005,0,0.000243406
CZ,van,2030,DE,610405,0.249413543,4.10053E-05,0.697621909,0.015,0.025423305,0,0.012500238
DK,van,2030,DE,373267,0.350554847,4.98335E-05,0.647155554,0,0.002239765,0,0
EE,van,2030,DE,99094,0.170688999,5.06111E-05,0.790356149,0.025,0.009360433,0,0.004543808
FI,van,2030,DE,343927,0.169603892,4.20122E-05,0.800646065,0.0175,0.01220803,0,0
FR,van,2030,DE,6279138,0.275995686,6.897E-05,0.692971832,0.005,0.025377409,0,0.000586103
DE,van,2030,DE,3141643,0.426023593,7.71956E-05,0.500707391,0.06,0.010836152,0,0.002355667
GR,van,2030,DE,944308,0.246928111,6.57489E-05,0.68462129,0.061833334,0.005800027,0,0.00075149
HU,van,2030,DE,501553,0.249346293,5.75252E-05,0.68496195,0.06,0.005595149,0,3.90834E-05
IE,van,2030,DE,404521,0.249026041,4.50711E-05,0.723420191,0.015,0.0125,0,8.69737E-06
IT,van,2030,DE,4318840,0.265306474,3.90008E-05,0.629099196,0.05,0.034068438,0,0.02148689
LV,van,2030,DE,63177,0.248714657,3.72731E-05,0.68599744,0.06,0.005055617,0,0.000195013
LT,van,2030,DE,56012,0.248657602,2.77534E-05,0.685835559,0.06,0.005214271,0,0.000264814
LU,van,2030,DE,40872,0.408168081,5.88856E-05,0.571257476,0.02,0,0,0.000515557
MT,van,2030,DE,45738.51,0.153052827,0.009,0.835233387,0,0.0015,0,0.001213787
NL,van,2030,DE,1057084,0.437023773,0.005499594,0.538095698,0,0,0,0.019380935
NO,van,2030,DE,535454,1,0,0,0,0,0,0
PL,van,2030,DE,2905731,0.272749181,6.42866E-05,0.668798393,0.015,0.013761754,0,0.029626386
PT,van,2030,DE,1150000,0.253909311,4.30763E-05,0.718091199,0.015,0.012518433,0,0.00043798
RO,van,2030,DE,750751,0.248566644,4.05887E-05,0.686368592,0.06,0.005,0,2.41755E-05
SK,van,2030,DE,285860,0.248430143,4.27371E-05,0.72402712,0.015,0.0125,0,0
SI,van,2030,DE,94850,0.240411623,4.97574E-05,0.687233063,0.06,0.006227673,0,0.006077884
ES,van,2030,DE,3898195,0.350788106,7.59702E-05,0.648721584,0,0.000119421,0,0.00029492
SE,van,2030,DE,605668,0.315632692,4.48214E-05,0.67782073,0,0.006501757,0,0
CH,van,2030,DE,426290,0.426023593,7.71956E-05,0.500707391,0.06,0.010836152,0,0.002355667
UK,van,2030,DE,5323255,0.437023773,0.005499594,0.538095698,0,0,0,0.019380935
AT,van,2040,DE,493387,1,0,0,0,0,0,0
BE,van,2040,DE,861148,0.501666667,0,0.458333333,0.03,0.01,0,0
BG,van,2040,DE,356871.39,0.496666667,0,0.373333333,0.12,0.01,0,0
HR,van,2040,DE,162644,0.036,0,0.9428,0.0002,0.021,0,0
CY,van,2040,DE,104216,0.496666667,0,0.373333333,0.12,0.01,0,0
CZ,van,2040,DE,610405,0.496666667,0,0.448333333,0.03,0.025,0,0
DK,van,2040,DE,373267,0.7,0,0.3,0,0,0,0
EE,van,2040,DE,99094,0.34,0,0.6,0.05,0.01,0,0
FI,van,2040,DE,343927,0.333,0,0.608832117,0.035,0.023167883,0,0
FR,van,2040,DE,6279138,0.55,0,0.39,0.01,0.05,0,0
DE,van,2040,DE,3141643,0.85,0,0.03,0.12,0,0,0
GR,van,2040,DE,944308,0.493,0,0.373333333,0.123666667,0.01,0,0
HU,van,2040,DE,501553,0.496666667,0,0.373333333,0.12,0.01,0,0
IE,van,2040,DE,404521,0.496666667,0,0.448333333,0.03,0.025,0,0
IT,van,2040,DE,4318840,0.53,0,0.31,0.1,0.03,0,0.03
LV,van,2040,DE,63177,0.496666667,0,0.373333333,0.12,0.01,0,0
LT,van,2040,DE,56012,0.496666667,0,0.373333333,0.12,0.01,0,0
LU,van,2040,DE,40872,0.811,0,0.149,0.04,0,0,0
MT,van,2040,DE,45738.51,0.305,0.018,0.674,0,0.003,0,0
NL,van,2040,DE,1057084,0.8581,0.0044,0.122,0,0,0,0.0155
NO,van,2040,DE,535454,1,0,0,0,0,0,0
PL,van,2040,DE,2905731,0.545,0,0.4,0.03,0.025,0,0
PT,van,2040,DE,1150000,0.5075,0,0.4375,0.03,0.025,0,0
RO,van,2040,DE,750751,0.4925,0,0.3775,0.12,0.01,0,0
SK,van,2040,DE,285860,0.496666667,0,0.448333333,0.03,0.025,0,0
SI,van,2040,DE,94850,0.48,0,0.39,0.12,0.01,0,0
ES,van,2040,DE,3898195,0.7,0,0.3,0,0,0,0
SE,van,2040,DE,605668,0.6225,0,0.3775,0,0,0,0
CH,van,2040,DE,426290,0.85,0,0.03,0.12,0,0,0
UK,van,2040,DE,5323255,0.8581,0.0044,0.122,0,0,0,0.0155
AT,van,2050,DE,493387,1,0,0,0,0,0,0
BE,van,2050,DE,861148,1,0,0,0,0,0,0
BG,van,2050,DE,356871.39,0.84,0,0.04,0.12,0,0,0
HR,van,2050,DE,162644,0.24,0,0.6095,0.0302,0.1203,0,0
CY,van,2050,DE,104216,0.68,0,0.2,0.12,0,0,0
CZ,van,2050,DE,610405,0.84,0,0.08,0.06,0.02,0,0
DK,van,2050,DE,373267,0.9,0,0,0.1,0,0,0
EE,van,2050,DE,99094,0.75,0,0.15,0.05,0.05,0,0
FI,van,2050,DE,343927,0.713210439,0,0.197044045,0.067309138,0.022436379,0,0
FR,van,2050,DE,6279138,0.89,0,0,0.03,0.08,0,0
DE,van,2050,DE,3141643,0.865,0,0,0.135,0,0,0
GR,van,2050,DE,944308,0.8354,0,0.0446,0.12,0,0,0
HU,van,2050,DE,501553,0.84,0,0.04,0.12,0,0,0
IE,van,2050,DE,404521,0.570777777,0,0,0.2,0.099592593,0,0.12962963
IT,van,2050,DE,4318840,0.84,0,0,0.16,0,0,0
LV,van,2050,DE,63177,0.84,0,0.04,0.12,0,0,0
LT,van,2050,DE,56012,0.84,0,0.04,0.12,0,0,0
LU,van,2050,DE,40872,0.972222222,0,0,0.027777778,0,0,0
MT,van,2050,DE,45738.51,0.84,0,0.04,0.12,0,0,0
NL,van,2050,DE,1057084,1,0,0,0,0,0,0
NO,van,2050,DE,535454,1,0,0,0,0,0,0
PL,van,2050,DE,2905731,0.875,0,0.06,0.045,0.02,0,0
PT,van,2050,DE,1150000,0.9,0,0,0.07,0.03,0,0
RO,van,2050,DE,750751,0.835,0,0.045,0.12,0,0,0
SK,van,2050,DE,285860,0.84,0,0.08,0.06,0.02,0,0
SI,van,2050,DE,94850,0.84,0,0.04,0.12,0,0,0
ES,van,2050,DE,3898195,1,0,0,0,0,0,0
SE,van,2050,DE,605668,1,0,0,0,0,0,0
CH,van,2050,DE,426290,0.865,0,0,0.135,0,0,0
UK,van,2050,DE,5323255,1,0,0,0,0,0,0
AT,car,2030,DE,5150890,0.475230161,0.138335235,0.385662067,0,0.000331724,0,0.000440813
BE,car,2030,DE,5955127,0.324569321,0.278063942,0.392834184,0,0.001049542,0,0.003483012
BG,car,2030,DE,2896777,0.248621653,0.273844684,0.314963191,0.06,0.015937572,0,0.0866329
HR,car,2030,DE,1840767,0.105043146,0.535428637,0.334820765,0,0.002016153,0,0.022691298
CY,car,2030,DE,601131,0.053056535,0.48964572,0.391816891,0.060002145,0.005,0,0.000478709
CZ,car,2030,DE,6305934,0.225458537,0.406204077,0.332727734,0.025,0.001400414,0,0.009209239
DK,car,2030,DE,2801076,0.402098758,0.306084138,0.281815704,0.01,1.39988E-06,0,0
EE,car,2030,DE,849294,0.171097324,0.417647968,0.371576237,0.005,0.02651752,0,0.00816095
FI,car,2030,DE,3673750,0.400806482,0.288774979,0.290223053,0.015221612,0.004973874,0,0
FR,car,2030,DE,38856492,0.351790134,0.195236296,0.405590909,0,4.39549E-05,0,0.047338706
DE,car,2030,DE,48763036,0.39489844,0.237721262,0.305033474,0.056,0.002120548,0,0.004226276
GR,car,2030,DE,5726012,0.246540149,0.4352004,0.217714175,0.06,0.005442607,0,0.035102669
HU,car,2030,DE,4094129,0.240127956,0.404967107,0.286779373,0.06,0.005229424,0,0.002896141
IE,car,2030,DE,2335130,0.475639544,0.1348768,0.364197092,0.025,0,0,0.000286565
IT,car,2030,DE,40213061,0.275262984,0.211461211,0.3893623,0.03,0.031624054,0,0.06228945
LV,car,2030,DE,769723,0.248470433,0.297592403,0.357036031,0.06,0.005052433,0,0.0318487
LT,car,2030,DE,1650384,0.249022842,0.260224006,0.392330344,0.06,0.005006358,0,0.03341645
LU,car,2030,DE,444818,0.375472086,0.194682275,0.404742057,0.025,0,0,0.000103581
MT,car,2030,DE,317234,0.258483309,0.406502914,0.331388204,0,0,0,0.003625573
NL,car,2030,DE,8917107,0.384318233,0.446272643,0.151684473,0,0,0,0.01772465
NO,car,2030,DE,3018728,1,0,0,0,0,0,0
PL,car,2030,DE,21458101,0.233870743,0.202976788,0.432076934,0.0225,0.012561879,0,0.096013657
PT,car,2030,DE,5778584,0.319185956,0.15780375,0.505799505,0,0.012502985,0,0.004707804
RO,car,2030,DE,7865186,0.246514899,0.20778643,0.465816949,0.06,0.00495,0,0.014931723
SK,car,2030,DE,2555491,0.248350517,0.37586962,0.348279863,0.015,0.0125,0,0
SI,car,2030,DE,1207755,0.268411348,0.325998723,0.355611814,0.04,0.005105884,0,0.004872231
ES,car,2030,DE,26605478,0.422946185,0.181177282,0.390123771,0,0.00349696,0,0.002255802
SE,car,2030,DE,4979761,0.355804808,0.284200369,0.351693843,0,0.00830098,0,0
CH,car,2030,DE,4812896,0.39489844,0.237721262,0.305033474,0.056,0.002120548,0,0.004226276
UK,car,2030,DE,32169932,0.39489844,0.237721262,0.305033474,0.056,0.002120548,0,0.004226276
AT,car,2040,DE,5150890,0.95,0.025,0.025,0,0,0,0
BE,car,2040,DE,5955127,0.646,0.282,0.072,0,0,0,0
BG,car,2040,DE,2896777,0.496666667,0.373333333,0,0.12,0.01,0,0
HR,car,2040,DE,1840767,0.21,0.786,0,0,0.004,0,0
CY,car,2040,DE,601131,0.106113069,0.347215974,0.416666667,0.12000429,0.01,0,0
CZ,car,2040,DE,6305934,0.45,0.48,0.02,0.05,0,0,0
DK,car,2040,DE,2801076,0.8,0.18,0,0.02,0,0,0
EE,car,2040,DE,849294,0.34,0.425925926,0.174074074,0.01,0.05,0,0
FI,car,2040,DE,3673750,0.798,0.155661153,0.007259259,0.030443224,0.008636364,0,0
FR,car,2040,DE,38856492,0.70162963,0.150407407,0.055,0,0,0,0.092962963
DE,car,2040,DE,48763036,0.788,0.08,0.019,0.112,0.001,0,0
GR,car,2040,DE,5726012,0.493,0.342,0.035,0.12,0.01,0,0
HU,car,2040,DE,4094129,0.479666667,0.390333333,0,0.12,0.01,0,0
IE,car,2040,DE,2335130,0.95,0,0,0.05,0,0,0
IT,car,2040,DE,40213061,0.55,0.17,0.13,0.06,0.037,0,0.053
LV,car,2040,DE,769723,0.496666667,0.373333333,0,0.12,0.01,0,0
LT,car,2040,DE,1650384,0.496666667,0.373333333,0,0.12,0.01,0,0
LU,car,2040,DE,444818,0.75,0.15,0.05,0.05,0,0,0
MT,car,2040,DE,317234,0.515,0.364,0.118,0,0,0,0.003
NL,car,2040,DE,8917107,0.753,0.247,0,0,0,0,0
NO,car,2040,DE,3018728,1,0,0,0,0,0,0
PL,car,2040,DE,21458101,0.4677,0.15,0.25,0.045,0.025,0,0.0623
PT,car,2040,DE,5778584,0.638,0.082,0.255,0,0.025,0,0
RO,car,2040,DE,7865186,0.4925,0.1335,0.2365,0.12,0.0099,0,0.0076
SK,car,2040,DE,2555491,0.496666667,0.448333333,0,0.03,0.025,0,0
SI,car,2040,DE,1207755,0.536666667,0.373333333,0,0.08,0.01,0,0
ES,car,2040,DE,26605478,0.845,0.15,0,0,0.005,0,0
SE,car,2040,DE,4979761,0.7,0.174,0.116,0,0.01,0,0
CH,car,2040,DE,4812896,0.788,0.08,0.019,0.112,0.001,0,0
UK,car,2040,DE,32169932,0.788,0.08,0.019,0.112,0.001,0,0
AT,car,2050,DE,5150890,1,0,0,0,0,0,0
BE,car,2050,DE,5955127,1,0,0,0,0,0,0
BG,car,2050,DE,2896777,0.87,0.01,0,0.12,0,0,0
HR,car,2050,DE,1840767,0.952,0.01,0,0.013,0.025,0,0
CY,car,2050,DE,601131,0.765649274,0.114350726,0,0.12,0,0,0
CZ,car,2050,DE,6305934,0.85,0,0,0.15,0,0,0
DK,car,2050,DE,2801076,0.96,0,0,0.04,0,0,0
EE,car,2050,DE,849294,0.75,0.1,0.05,0.05,0.05,0,0
FI,car,2050,DE,3673750,0.899619981,0.01,0,0.090380019,0,0,0
FR,car,2050,DE,38856492,0.99,0.01,0,0,0,0,0
DE,car,2050,DE,48763036,0.85,0,0,0.15,0,0,0
GR,car,2050,DE,5726012,0.865,0.01,0,0.12,0,0,0
HU,car,2050,DE,4094129,0.87,0.01,0,0.12,0,0,0
IE,car,2050,DE,2335130,0.95,0,0,0.05,0,0,0
IT,car,2050,DE,40213061,0.92,0,0,0.08,0,0,0
LV,car,2050,DE,769723,0.87,0.01,0,0.12,0,0,0
LT,car,2050,DE,1650384,0.87,0.01,0,0.12,0,0,0
LU,car,2050,DE,444818,0.889925926,0.050074074,0.01,0.05,0,0,0
MT,car,2050,DE,317234,0.87,0.01,0,0.12,0,0,0
NL,car,2050,DE,8917107,1,0,0,0,0,0,0
NO,car,2050,DE,3018728,1,0,0,0,0,0,0
PL,car,2050,DE,21458101,0.89,0.005,0,0.06,0.02,0,0.005
PT,car,2050,DE,5778584,1,0,0,0,0,0,0
RO,car,2050,DE,7865186,0.87,0.01,0,0.12,0,0,0
SK,car,2050,DE,2555491,0.91,0.01,0,0.06,0.02,0,0
SI,car,2050,DE,1207755,0.9,0.01,0,0.09,0,0,0
ES,car,2050,DE,26605478,1,0,0,0,0,0,0
SE,car,2050,DE,4979761,1,0,0,0,0,0,0
CH,car,2050,DE,4812896,0.85,0,0,0.15,0,0,0
UK,car,2050,DE,32169932,0.85,0,0,0.15,0,0,0
